DIRECTION;SPEED;TIME
LEFT;6;29:31.4
LEFT;6;29:31.4
LEFT;6;29:31.4
LEFT;6;29:31.4
LEFT;6;29:31.5
LEFT;6;29:31.5
LEFT;6;29:31.5
LEFT;6;29:31.5
LEFT;6;29:31.5
LEFT;6;29:31.5
LEFT;6;29:31.6
LEFT;6;29:31.6
LEFT;6;29:31.6
LEFT;6;29:31.6
LEFT;6;29:31.6
LEFT;6;29:31.6
LEFT;6;29:31.7
LEFT;6;29:31.7
LEFT;6;29:31.7
LEFT;6;29:31.7
LEFT;6;29:31.7
LEFT;6;29:31.7
LEFT;6;29:31.8
LEFT;6;29:31.8
LEFT;6;29:31.8
LEFT;6;29:31.8
LEFT;6;29:31.8
LEFT;6;29:31.8
LEFT;6;29:31.9
LEFT;6;29:31.9
LEFT;6;29:31.9
LEFT;6;29:31.9
LEFT;6;29:31.9
LEFT;6;29:31.9
LEFT;6;29:32.0
LEFT;6;29:32.0
LEFT;6;29:32.0
LEFT;6;29:32.0
LEFT;6;29:32.0
LEFT;6;29:32.0
LEFT;6;29:32.1
LEFT;6;29:32.1
LEFT;6;29:32.1
LEFT;6;29:32.1
LEFT;6;29:32.1
UP;6;29:32.2
UP;6;29:32.2
UP;6;29:32.2
UP;6;29:32.3
UP;6;29:32.3
UP;6;29:32.3
UP;6;29:32.3
UP;6;29:32.3
UP;6;29:32.3
UP;6;29:32.4
UP;6;29:32.4
UP;6;29:32.4
UP;6;29:32.4
UP;6;29:32.4
UP;6;29:32.4
UP;6;29:32.5
UP;6;29:32.5
UP;6;29:32.5
UP;6;29:32.5
LEFT;6;29:32.5
LEFT;6;29:32.5
LEFT;6;29:32.6
LEFT;6;29:32.6
LEFT;6;29:32.6
LEFT;6;29:32.6
LEFT;6;29:32.6
LEFT;6;29:32.6
LEFT;6;29:32.7
LEFT;6;29:32.7
LEFT;6;29:32.7
LEFT;6;29:32.7
DOWN;6;29:33.0
DOWN;6;29:33.0
DOWN;6;29:33.1
DOWN;6;29:33.1
DOWN;6;29:33.1
DOWN;6;29:33.1
DOWN;6;29:33.1
DOWN;6;29:33.1
DOWN;6;29:33.2
DOWN;6;29:33.2
DOWN;6;29:33.2
DOWN;6;29:33.2
DOWN;6;29:33.2
DOWN;6;29:33.2
DOWN;6;29:33.3
DOWN;6;29:33.3
DOWN;6;29:33.3
DOWN;6;29:33.3
DOWN;6;29:33.3
DOWN;6;29:33.3
DOWN;6;29:33.4
RIGHT;6;29:33.4
RIGHT;6;29:33.4
RIGHT;6;29:33.4
RIGHT;6;29:33.4
RIGHT;6;29:33.4
RIGHT;6;29:33.5
RIGHT;6;29:33.5
RIGHT;6;29:33.5
RIGHT;6;29:33.5
RIGHT;6;29:33.5
RIGHT;6;29:33.5
RIGHT;6;29:33.6
RIGHT;6;29:33.6
RIGHT;6;29:33.6
RIGHT;6;29:33.6
RIGHT;6;29:33.6
RIGHT;6;29:33.6
RIGHT;6;29:33.7
RIGHT;6;29:33.7
RIGHT;6;29:33.7
RIGHT;6;29:33.7
RIGHT;6;29:34.0
RIGHT;6;29:34.0
RIGHT;6;29:34.0
RIGHT;6;29:34.0
RIGHT;6;29:34.0
RIGHT;6;29:34.1
RIGHT;6;29:34.1
RIGHT;6;29:34.1
RIGHT;6;29:34.1
RIGHT;6;29:34.1
RIGHT;6;29:34.1
RIGHT;6;29:34.2
RIGHT;6;29:34.2
RIGHT;6;29:34.2
RIGHT;6;29:34.2
RIGHT;6;29:34.2
RIGHT;6;29:34.2
RIGHT;6;29:34.3
RIGHT;6;29:34.3
RIGHT;6;29:34.3
RIGHT;6;29:34.3
RIGHT;6;29:34.3
RIGHT;6;29:34.3
RIGHT;6;29:34.4
RIGHT;6;29:34.4
RIGHT;6;29:34.4
RIGHT;6;29:34.4
RIGHT;6;29:34.4
RIGHT;6;29:34.4
RIGHT;6;29:34.5
RIGHT;6;29:34.5
RIGHT;6;29:34.5
RIGHT;6;29:34.5
RIGHT;6;29:34.5
RIGHT;6;29:34.5
RIGHT;6;29:34.6
RIGHT;6;29:34.6
RIGHT;6;29:34.6
RIGHT;6;29:34.6
RIGHT;6;29:34.6
RIGHT;6;29:34.6
RIGHT;6;29:34.7
RIGHT;6;29:34.7
RIGHT;6;29:34.7
RIGHT;6;29:34.7
RIGHT;6;29:34.7
RIGHT;6;29:34.7
RIGHT;6;29:34.8
RIGHT;6;29:34.8
RIGHT;6;29:34.8
RIGHT;6;29:34.8
RIGHT;6;29:34.8
RIGHT;6;29:34.8
RIGHT;6;29:34.9
RIGHT;6;29:34.9
RIGHT;6;29:34.9
RIGHT;6;29:34.9
RIGHT;6;29:34.9
RIGHT;6;29:34.9
RIGHT;6;29:35.0
RIGHT;6;29:35.0
RIGHT;6;29:35.0
RIGHT;6;29:35.0
RIGHT;6;29:35.0
RIGHT;6;29:35.1
RIGHT;6;29:35.1
RIGHT;6;29:35.1
RIGHT;6;29:35.1
RIGHT;6;29:35.1
RIGHT;6;29:35.1
DOWN;6;29:35.2
DOWN;6;29:35.2
DOWN;6;29:35.2
DOWN;6;29:35.2
DOWN;6;29:35.2
DOWN;6;29:35.2
DOWN;6;29:35.3
DOWN;6;29:35.3
DOWN;6;29:35.3
DOWN;6;29:35.3
DOWN;6;29:35.3
DOWN;6;29:35.3
DOWN;6;29:35.4
DOWN;6;29:35.4
DOWN;6;29:35.4
DOWN;6;29:35.4
DOWN;6;29:35.4
DOWN;6;29:35.4
DOWN;6;29:35.5
DOWN;6;29:35.5
DOWN;6;29:35.5
DOWN;6;29:35.5
DOWN;6;29:35.5
DOWN;6;29:35.5
DOWN;6;29:35.6
RIGHT;6;29:35.6
RIGHT;6;29:35.6
RIGHT;6;29:35.6
RIGHT;6;29:35.6
RIGHT;6;29:35.6
RIGHT;6;29:35.7
RIGHT;6;29:35.7
RIGHT;6;29:35.7
RIGHT;6;29:35.7
RIGHT;6;29:35.7
RIGHT;6;29:35.7
RIGHT;6;29:35.8
RIGHT;6;29:35.8
RIGHT;6;29:35.8
RIGHT;6;29:35.8
RIGHT;6;29:35.8
LEFT;6;29:35.9
LEFT;6;29:35.9
LEFT;6;29:36.0
LEFT;6;29:36.0
LEFT;6;29:36.0
LEFT;6;29:36.0
LEFT;6;29:36.0
LEFT;6;29:36.0
LEFT;6;29:36.1
LEFT;6;29:36.1
LEFT;6;29:36.1
LEFT;6;29:36.1
LEFT;6;29:36.1
LEFT;6;29:36.2
LEFT;6;29:36.2
LEFT;6;29:36.2
LEFT;6;29:36.2
LEFT;6;29:36.2
LEFT;6;29:36.2
LEFT;6;29:36.2
LEFT;6;29:36.3
LEFT;6;29:36.3
LEFT;6;29:36.3
LEFT;6;29:36.3
LEFT;6;29:36.3
LEFT;6;29:36.4
LEFT;6;29:36.4
LEFT;6;29:36.4
LEFT;6;29:36.4
LEFT;6;29:36.4
LEFT;6;29:36.4
LEFT;6;29:36.5
LEFT;6;29:36.5
LEFT;6;29:36.5
LEFT;6;29:36.5
LEFT;6;29:36.5
LEFT;6;29:36.5
LEFT;6;29:36.6
LEFT;6;29:36.6
LEFT;6;29:36.6
LEFT;6;29:36.6
LEFT;6;29:36.6
LEFT;6;29:36.6
LEFT;6;29:36.7
LEFT;6;29:36.7
LEFT;6;29:36.7
LEFT;6;29:36.7
LEFT;6;29:36.7
LEFT;6;29:36.7
LEFT;6;29:36.8
LEFT;6;29:36.8
LEFT;6;29:36.8
LEFT;6;29:36.8
LEFT;6;29:36.8
LEFT;6;29:36.8
LEFT;6;29:36.9
LEFT;6;29:36.9
LEFT;6;29:36.9
LEFT;6;29:36.9
LEFT;6;29:36.9
LEFT;6;29:36.9
LEFT;6;29:37.0
LEFT;6;29:37.0
LEFT;6;29:37.0
LEFT;6;29:37.0
LEFT;6;29:37.0
LEFT;6;29:37.0
LEFT;6;29:37.1
LEFT;6;29:37.1
LEFT;6;29:37.1
LEFT;6;29:37.1
LEFT;6;29:37.1
LEFT;6;29:37.1
LEFT;6;29:37.2
LEFT;6;29:37.2
LEFT;6;29:37.2
LEFT;6;29:37.2
LEFT;6;29:37.2
LEFT;6;29:37.2
LEFT;6;29:37.3
LEFT;6;29:37.3
LEFT;6;29:37.3
LEFT;6;29:37.3
LEFT;6;29:37.3
LEFT;6;29:37.3
LEFT;6;29:37.4
LEFT;6;29:37.4
LEFT;6;29:37.4
UP;6;29:37.4
UP;6;29:37.4
UP;6;29:37.4
UP;6;29:37.5
UP;6;29:37.5
UP;6;29:37.5
UP;6;29:37.5
UP;6;29:37.5
UP;6;29:37.6
UP;6;29:37.6
UP;6;29:37.6
UP;6;29:37.6
UP;6;29:37.6
UP;6;29:37.6
UP;6;29:37.7
UP;6;29:37.7
UP;6;29:37.7
UP;6;29:37.7
UP;6;29:37.7
UP;6;29:37.7
UP;6;29:37.8
LEFT;6;29:37.8
LEFT;6;29:37.8
LEFT;6;29:37.8
LEFT;6;29:37.9
LEFT;6;29:37.9
LEFT;6;29:37.9
LEFT;6;29:37.9
LEFT;6;29:37.9
LEFT;6;29:37.9
LEFT;6;29:38.0
LEFT;6;29:38.0
LEFT;6;29:38.0
RIGHT;6;29:38.2
RIGHT;6;29:38.2
RIGHT;6;29:38.3
RIGHT;6;29:38.3
RIGHT;6;29:38.3
RIGHT;6;29:38.3
RIGHT;6;29:38.3
RIGHT;6;29:38.3
RIGHT;6;29:38.4
RIGHT;6;29:38.4
RIGHT;6;29:38.4
RIGHT;6;29:38.4
RIGHT;6;29:38.4
RIGHT;6;29:38.4
RIGHT;6;29:38.5
RIGHT;6;29:38.5
RIGHT;6;29:38.5
RIGHT;6;29:38.5
RIGHT;6;29:38.5
RIGHT;6;29:38.6
RIGHT;6;29:38.6
RIGHT;6;29:38.6
RIGHT;6;29:38.6
RIGHT;6;29:38.6
RIGHT;6;29:38.6
RIGHT;6;29:38.7
RIGHT;6;29:38.7
RIGHT;6;29:38.7
RIGHT;6;29:38.7
RIGHT;6;29:38.7
RIGHT;6;29:38.7
RIGHT;6;29:38.8
RIGHT;6;29:38.8
RIGHT;6;29:38.8
RIGHT;6;29:38.8
RIGHT;6;29:38.8
RIGHT;6;29:38.8
RIGHT;6;29:38.9
RIGHT;6;29:38.9
RIGHT;6;29:38.9
RIGHT;6;29:38.9
RIGHT;6;29:38.9
RIGHT;6;29:38.9
RIGHT;6;29:39.0
RIGHT;6;29:39.0
RIGHT;6;29:39.0
RIGHT;6;29:39.0
RIGHT;6;29:39.0
RIGHT;6;29:39.0
RIGHT;6;29:39.1
RIGHT;6;29:39.1
RIGHT;6;29:39.1
RIGHT;6;29:39.1
RIGHT;6;29:39.1
RIGHT;6;29:39.1
RIGHT;6;29:39.2
RIGHT;6;29:39.2
RIGHT;6;29:39.2
RIGHT;6;29:39.2
RIGHT;6;29:39.2
RIGHT;6;29:39.2
RIGHT;6;29:39.3
RIGHT;6;29:39.3
RIGHT;6;29:39.3
RIGHT;6;29:39.3
RIGHT;6;29:39.3
RIGHT;6;29:39.3
RIGHT;6;29:39.4
RIGHT;6;29:39.4
RIGHT;6;29:39.4
RIGHT;6;29:39.4
RIGHT;6;29:39.4
RIGHT;6;29:39.4
RIGHT;6;29:39.5
RIGHT;6;29:39.5
UP;6;29:39.5
UP;6;29:39.5
UP;6;29:39.5
UP;6;29:39.5
UP;6;29:39.6
LEFT;6;29:39.6
LEFT;6;29:39.6
LEFT;6;29:39.6
LEFT;6;29:39.6
LEFT;6;29:39.7
LEFT;6;29:39.7
LEFT;6;29:39.7
LEFT;6;29:39.7
LEFT;6;29:39.7
LEFT;6;29:39.7
LEFT;6;29:39.8
LEFT;6;29:39.8
LEFT;6;29:39.8
LEFT;6;29:39.8
LEFT;6;29:39.8
LEFT;6;29:39.8
RIGHT;6;29:39.9
RIGHT;6;29:39.9
RIGHT;6;29:39.9
RIGHT;6;29:39.9
RIGHT;6;29:39.9
RIGHT;6;29:39.9
RIGHT;6;29:40.0
RIGHT;6;29:40.0
RIGHT;6;29:40.0
RIGHT;6;29:40.0
RIGHT;6;29:40.0
RIGHT;6;29:40.0
RIGHT;6;29:40.1
RIGHT;6;29:40.1
RIGHT;6;29:40.1
RIGHT;6;29:40.1
RIGHT;6;29:40.1
RIGHT;6;29:40.1
RIGHT;6;29:40.2
RIGHT;6;29:40.2
RIGHT;6;29:40.2
RIGHT;6;29:40.2
RIGHT;6;29:40.2
RIGHT;6;29:40.3
RIGHT;6;29:40.3
RIGHT;6;29:40.3
RIGHT;6;29:40.3
RIGHT;6;29:40.3
RIGHT;6;29:40.4
RIGHT;6;29:40.4
RIGHT;6;29:40.4
RIGHT;6;29:40.4
RIGHT;6;29:40.4
RIGHT;6;29:40.4
RIGHT;6;29:40.5
UP;6;29:40.5
UP;6;29:40.5
UP;6;29:40.5
UP;6;29:40.5
UP;6;29:40.5
UP;6;29:40.6
UP;6;29:40.6
UP;6;29:40.6
UP;6;29:40.6
UP;6;29:40.6
UP;6;29:40.6
UP;6;29:40.7
UP;6;29:40.7
UP;6;29:40.7
UP;6;29:40.7
UP;6;29:40.7
UP;6;29:40.7
UP;6;29:40.8
UP;6;29:40.8
UP;6;29:40.8
UP;6;29:40.8
UP;6;29:40.8
UP;6;29:40.8
UP;6;29:40.9
UP;6;29:40.9
UP;6;29:40.9
UP;6;29:40.9
UP;6;29:40.9
UP;6;29:41.0
UP;6;29:41.0
UP;6;29:41.0
UP;6;29:41.0
UP;6;29:41.0
UP;6;29:41.0
UP;6;29:41.1
LEFT;6;29:41.3
LEFT;6;29:41.3
LEFT;6;29:41.3
LEFT;6;29:41.3
LEFT;6;29:41.4
LEFT;6;29:41.4
LEFT;6;29:41.4
LEFT;6;29:41.4
LEFT;6;29:41.4
LEFT;6;29:41.4
LEFT;6;29:41.5
LEFT;6;29:41.5
LEFT;6;29:41.5
LEFT;6;29:41.5
LEFT;6;29:41.5
LEFT;6;29:41.5
LEFT;6;29:41.6
LEFT;6;29:41.6
LEFT;6;29:41.6
LEFT;6;29:41.6
LEFT;6;29:41.6
LEFT;6;29:41.6
LEFT;6;29:41.7
LEFT;6;29:41.7
LEFT;6;29:41.7
LEFT;6;29:41.7
LEFT;6;29:41.7
LEFT;6;29:41.8
LEFT;6;29:41.8
LEFT;6;29:41.8
LEFT;6;29:41.8
LEFT;6;29:41.8
LEFT;6;29:41.8
LEFT;6;29:41.9
LEFT;6;29:41.9
LEFT;6;29:41.9
LEFT;6;29:41.9
LEFT;6;29:41.9
LEFT;6;29:41.9
LEFT;6;29:42.0
LEFT;6;29:42.0
LEFT;6;29:42.0
LEFT;6;29:42.0
LEFT;6;29:42.0
LEFT;6;29:42.0
LEFT;6;29:42.1
LEFT;6;29:42.1
LEFT;6;29:42.1
LEFT;6;29:42.1
LEFT;6;29:42.1
LEFT;6;29:42.1
LEFT;6;29:42.2
LEFT;6;29:42.2
LEFT;6;29:42.2
LEFT;6;29:42.2
LEFT;6;29:42.2
LEFT;6;29:42.2
LEFT;6;29:42.3
LEFT;6;29:42.3
LEFT;6;29:42.3
LEFT;6;29:42.3
LEFT;6;29:42.3
LEFT;6;29:42.3
LEFT;6;29:42.4
LEFT;6;29:42.4
LEFT;6;29:42.4
LEFT;6;29:42.4
LEFT;6;29:42.4
LEFT;6;29:42.4
LEFT;6;29:42.5
LEFT;6;29:42.5
LEFT;6;29:42.5
DOWN;6;29:42.5
DOWN;6;29:42.5
DOWN;6;29:42.5
DOWN;6;29:42.6
DOWN;6;29:42.6
DOWN;6;29:42.6
DOWN;6;29:42.6
DOWN;6;29:42.6
DOWN;6;29:42.6
DOWN;6;29:42.7
DOWN;6;29:42.7
DOWN;6;29:42.7
DOWN;6;29:42.7
DOWN;6;29:42.7
DOWN;6;29:42.7
DOWN;6;29:42.8
DOWN;6;29:42.8
DOWN;6;29:42.8
DOWN;6;29:42.8
DOWN;6;29:42.8
DOWN;6;29:42.9
DOWN;6;29:42.9
DOWN;6;29:42.9
DOWN;6;29:42.9
DOWN;6;29:42.9
DOWN;6;29:42.9
DOWN;6;29:43.0
DOWN;6;29:43.0
DOWN;6;29:43.0
DOWN;6;29:43.1
DOWN;6;29:43.1
DOWN;6;29:43.1
DOWN;6;29:43.2
DOWN;6;29:43.2
DOWN;6;29:43.2
DOWN;6;29:43.2
DOWN;6;29:43.2
DOWN;6;29:43.2
DOWN;6;29:43.3
DOWN;6;29:43.3
DOWN;6;29:43.3
DOWN;6;29:43.3
DOWN;6;29:43.3
DOWN;6;29:43.3
DOWN;6;29:43.4
DOWN;6;29:43.4
DOWN;6;29:43.4
DOWN;6;29:43.4
DOWN;6;29:43.4
RIGHT;6;29:43.4
RIGHT;6;29:43.5
RIGHT;6;29:43.5
RIGHT;6;29:43.5
RIGHT;6;29:43.5
RIGHT;6;29:43.5
RIGHT;6;29:43.5
RIGHT;6;29:43.6
RIGHT;6;29:43.6
RIGHT;6;29:43.6
RIGHT;6;29:43.6
RIGHT;6;29:43.6
RIGHT;6;29:43.6
RIGHT;6;29:43.7
RIGHT;6;29:43.7
RIGHT;6;29:43.7
RIGHT;6;29:43.7
RIGHT;6;29:43.7
RIGHT;6;29:43.7
RIGHT;6;29:43.8
RIGHT;6;29:43.8
RIGHT;6;29:43.8
RIGHT;6;29:43.8
RIGHT;6;29:43.8
RIGHT;6;29:43.8
RIGHT;6;29:43.9
RIGHT;6;29:43.9
RIGHT;6;29:43.9
RIGHT;6;29:43.9
RIGHT;6;29:43.9
RIGHT;6;29:43.9
RIGHT;6;29:44.0
RIGHT;6;29:44.0
RIGHT;6;29:44.0
RIGHT;6;29:44.0
RIGHT;6;29:44.0
RIGHT;6;29:44.0
RIGHT;6;29:44.1
RIGHT;6;29:44.1
RIGHT;6;29:44.1
RIGHT;6;29:44.1
RIGHT;6;29:44.1
RIGHT;6;29:44.1
RIGHT;6;29:44.2
RIGHT;6;29:44.2
RIGHT;6;29:44.2
RIGHT;6;29:44.2
RIGHT;6;29:44.2
RIGHT;6;29:44.2
RIGHT;6;29:44.3
RIGHT;6;29:44.3
RIGHT;6;29:44.3
RIGHT;6;29:44.3
RIGHT;6;29:44.3
RIGHT;6;29:44.3
RIGHT;6;29:44.4
RIGHT;6;29:44.4
RIGHT;6;29:44.4
RIGHT;6;29:44.4
RIGHT;6;29:44.4
RIGHT;6;29:44.5
RIGHT;6;29:44.5
RIGHT;6;29:44.5
RIGHT;6;29:44.5
RIGHT;6;29:44.5
RIGHT;6;29:44.5
RIGHT;6;29:44.6
RIGHT;6;29:44.6
RIGHT;6;29:44.6
RIGHT;6;29:44.6
RIGHT;6;29:44.6
RIGHT;6;29:44.6
RIGHT;6;29:44.7
RIGHT;6;29:44.7
RIGHT;6;29:44.7
RIGHT;6;29:44.7
RIGHT;6;29:44.7
RIGHT;6;29:44.7
RIGHT;6;29:44.8
RIGHT;6;29:44.8
RIGHT;6;29:44.8
RIGHT;6;29:44.9
RIGHT;6;29:44.9
RIGHT;6;29:44.9
RIGHT;6;29:44.9
RIGHT;6;29:44.9
RIGHT;6;29:45.0
RIGHT;6;29:45.0
RIGHT;6;29:45.0
RIGHT;6;29:45.0
RIGHT;6;29:45.0
RIGHT;6;29:45.0
RIGHT;6;29:45.1
RIGHT;6;29:45.1
RIGHT;6;29:45.1
RIGHT;6;29:45.1
RIGHT;6;29:45.1
RIGHT;6;29:45.1
RIGHT;6;29:45.2
RIGHT;6;29:45.2
RIGHT;6;29:45.2
RIGHT;6;29:45.2
RIGHT;6;29:45.2
RIGHT;6;29:45.2
RIGHT;6;29:45.3
RIGHT;6;29:45.3
RIGHT;6;29:45.3
RIGHT;6;29:45.3
UP;6;29:45.3
UP;6;29:45.4
UP;6;29:45.4
UP;6;29:45.4
UP;6;29:45.4
UP;6;29:45.4
UP;6;29:45.4
UP;6;29:45.5
UP;6;29:45.5
UP;6;29:45.5
UP;6;29:45.5
UP;6;29:45.5
UP;6;29:45.5
UP;6;29:45.6
UP;6;29:45.6
UP;6;29:45.6
UP;6;29:45.6
UP;6;29:45.6
UP;6;29:45.7
LEFT;6;29:45.7
LEFT;6;29:45.7
LEFT;6;29:45.7
LEFT;6;29:45.7
LEFT;6;29:45.8
LEFT;6;29:45.8
DOWN;6;29:45.8
DOWN;6;29:45.8
DOWN;6;29:45.9
DOWN;6;29:45.9
DOWN;6;29:45.9
DOWN;6;29:45.9
DOWN;6;29:45.9
DOWN;6;29:45.9
DOWN;6;29:46.0
DOWN;6;29:46.0
DOWN;6;29:46.0
DOWN;6;29:46.0
DOWN;6;29:46.0
DOWN;6;29:46.0
DOWN;6;29:46.1
DOWN;6;29:46.1
DOWN;6;29:46.1
DOWN;6;29:46.1
DOWN;6;29:46.1
DOWN;6;29:46.1
DOWN;6;29:46.2
DOWN;6;29:46.2
DOWN;6;29:46.2
DOWN;6;29:46.2
DOWN;6;29:46.2
DOWN;6;29:46.2
DOWN;6;29:46.3
DOWN;6;29:46.3
DOWN;6;29:46.3
DOWN;6;29:46.3
DOWN;6;29:46.3
DOWN;6;29:46.3
DOWN;6;29:46.4
DOWN;6;29:46.4
DOWN;6;29:46.4
LEFT;6;29:46.4
LEFT;6;29:46.4
LEFT;6;29:46.4
LEFT;6;29:46.5
LEFT;6;29:46.5
LEFT;6;29:46.5
LEFT;6;29:46.5
LEFT;6;29:46.5
LEFT;6;29:46.5
LEFT;6;29:46.6
LEFT;6;29:46.6
LEFT;6;29:46.6
LEFT;6;29:46.6
LEFT;6;29:46.6
LEFT;6;29:46.6
LEFT;6;29:46.7
LEFT;6;29:46.7
LEFT;6;29:46.7
LEFT;6;29:46.7
LEFT;6;29:46.7
LEFT;6;29:46.7
LEFT;6;29:46.8
LEFT;6;29:46.8
LEFT;6;29:46.8
LEFT;6;29:46.8
LEFT;6;29:46.8
LEFT;6;29:46.9
LEFT;6;29:46.9
LEFT;6;29:46.9
LEFT;6;29:46.9
LEFT;6;29:46.9
LEFT;6;29:46.9
LEFT;6;29:47.0
LEFT;6;29:47.0
LEFT;6;29:47.0
LEFT;6;29:47.0
LEFT;6;29:47.0
LEFT;6;29:47.0
LEFT;6;29:47.1
LEFT;6;29:47.1
LEFT;6;29:47.1
LEFT;6;29:47.1
LEFT;6;29:47.1
LEFT;6;29:47.1
LEFT;6;29:47.2
LEFT;6;29:47.2
LEFT;6;29:47.2
LEFT;6;29:47.2
LEFT;6;29:47.2
LEFT;6;29:47.2
LEFT;6;29:47.3
LEFT;6;29:47.3
LEFT;6;29:47.3
LEFT;6;29:47.3
LEFT;6;29:47.3
LEFT;6;29:47.3
LEFT;6;29:47.4
LEFT;6;29:47.4
LEFT;6;29:47.4
LEFT;6;29:47.4
LEFT;6;29:47.4
LEFT;6;29:47.4
LEFT;6;29:47.5
LEFT;6;29:47.5
LEFT;6;29:47.5
LEFT;6;29:47.5
LEFT;6;29:47.5
LEFT;6;29:47.5
LEFT;6;29:47.6
LEFT;6;29:47.6
LEFT;6;29:47.6
LEFT;6;29:47.6
LEFT;6;29:47.6
LEFT;6;29:47.6
LEFT;6;29:47.7
LEFT;6;29:47.7
LEFT;6;29:47.7
LEFT;6;29:47.7
LEFT;6;29:47.7
LEFT;6;29:47.7
LEFT;6;29:47.8
LEFT;6;29:47.8
LEFT;6;29:47.8
LEFT;6;29:47.8
LEFT;6;29:47.8
LEFT;6;29:47.9
LEFT;6;29:47.9
LEFT;6;29:47.9
LEFT;6;29:47.9
LEFT;6;29:47.9
LEFT;6;29:47.9
LEFT;6;29:48.0
LEFT;6;29:48.0
LEFT;6;29:48.0
LEFT;6;29:48.0
LEFT;6;29:48.0
LEFT;6;29:48.0
LEFT;6;29:48.1
LEFT;6;29:48.1
LEFT;6;29:48.1
LEFT;6;29:48.1
LEFT;6;29:48.1
LEFT;6;29:48.1
LEFT;6;29:48.2
LEFT;6;29:48.2
LEFT;6;29:48.2
LEFT;6;29:48.2
DOWN;6;29:48.2
DOWN;6;29:48.2
DOWN;6;29:48.3
DOWN;6;29:48.3
DOWN;6;29:48.3
DOWN;6;29:48.3
DOWN;6;29:48.3
DOWN;6;29:48.3
DOWN;6;29:48.4
DOWN;6;29:48.4
DOWN;6;29:48.4
DOWN;6;29:48.4
DOWN;6;29:48.4
DOWN;6;29:48.4
LEFT;6;29:48.5
LEFT;6;29:48.5
LEFT;6;29:48.5
LEFT;6;29:49.5
LEFT;6;29:49.7
LEFT;6;29:49.7
LEFT;6;29:49.7
LEFT;6;29:49.7
UP;6;29:49.8
UP;6;29:49.8
UP;6;29:49.8
UP;6;29:49.8
UP;6;29:49.9
UP;6;29:49.9
UP;6;29:50.0
UP;6;29:50.0
UP;6;29:50.0
UP;6;29:50.1
UP;6;29:50.1
UP;6;29:50.1
UP;6;29:50.1
UP;6;29:50.1
UP;6;29:50.1
UP;6;29:50.2
UP;6;29:50.2
UP;6;29:50.2
UP;6;29:50.2
UP;6;29:50.2
UP;6;29:50.2
UP;6;29:50.3
UP;6;29:50.3
UP;6;29:50.3
UP;6;29:50.3
UP;6;29:50.3
UP;6;29:50.4
UP;6;29:50.4
UP;6;29:50.4
UP;6;29:50.4
UP;6;29:50.5
UP;6;29:50.5
UP;6;29:50.5
LEFT;6;29:50.5
LEFT;6;29:50.5
LEFT;6;29:50.5
LEFT;6;29:50.6
LEFT;6;29:50.6
LEFT;6;29:50.6
LEFT;6;29:50.6
LEFT;6;29:50.6
LEFT;6;29:50.6
LEFT;6;29:50.7
LEFT;6;29:50.7
LEFT;6;29:50.7
LEFT;6;29:50.7
LEFT;6;29:50.7
LEFT;6;29:50.7
LEFT;6;29:50.8
LEFT;6;29:50.8
LEFT;6;29:50.8
LEFT;6;29:50.8
LEFT;6;29:50.8
LEFT;6;29:50.8
LEFT;6;29:50.9
LEFT;6;29:50.9
LEFT;6;29:50.9
LEFT;6;29:50.9
LEFT;6;29:50.9
LEFT;6;29:51.0
LEFT;6;29:51.0
LEFT;6;29:51.0
RIGHT;6;29:51.2
RIGHT;6;29:51.2
RIGHT;6;29:51.2
RIGHT;6;29:51.3
RIGHT;6;29:51.3
RIGHT;6;29:51.3
RIGHT;6;29:51.3
RIGHT;6;29:51.3
RIGHT;6;29:51.3
RIGHT;6;29:51.4
RIGHT;6;29:51.4
RIGHT;6;29:51.4
RIGHT;6;29:51.4
RIGHT;6;29:51.4
RIGHT;6;29:51.4
RIGHT;6;29:51.5
RIGHT;6;29:51.5
RIGHT;6;29:51.5
RIGHT;6;29:51.5
RIGHT;6;29:51.5
RIGHT;6;29:51.5
RIGHT;6;29:51.6
RIGHT;6;29:51.6
RIGHT;6;29:51.6
RIGHT;6;29:51.6
RIGHT;6;29:51.6
RIGHT;6;29:51.6
RIGHT;6;29:51.7
RIGHT;6;29:51.7
RIGHT;6;29:51.7
RIGHT;6;29:51.7
RIGHT;6;29:51.7
RIGHT;6;29:51.7
RIGHT;6;29:51.8
RIGHT;6;29:51.8
RIGHT;6;29:51.8
RIGHT;6;29:51.8
RIGHT;6;29:51.8
RIGHT;6;29:51.8
RIGHT;6;29:51.9
RIGHT;6;29:51.9
RIGHT;6;29:51.9
RIGHT;6;29:51.9
RIGHT;6;29:51.9
RIGHT;6;29:51.9
RIGHT;6;29:52.0
RIGHT;6;29:52.0
RIGHT;6;29:52.0
RIGHT;6;29:52.0
RIGHT;6;29:52.0
RIGHT;6;29:52.0
RIGHT;6;29:52.1
RIGHT;6;29:52.1
RIGHT;6;29:52.1
RIGHT;6;29:52.1
RIGHT;6;29:52.1
RIGHT;6;29:52.2
RIGHT;6;29:52.2
RIGHT;6;29:52.2
RIGHT;6;29:52.2
RIGHT;6;29:52.2
RIGHT;6;29:52.2
RIGHT;6;29:52.3
RIGHT;6;29:52.3
RIGHT;6;29:52.3
RIGHT;6;29:52.3
RIGHT;6;29:52.3
RIGHT;6;29:52.3
RIGHT;6;29:52.4
RIGHT;6;29:52.4
RIGHT;6;29:52.4
RIGHT;6;29:52.4
RIGHT;6;29:52.4
RIGHT;6;29:52.4
RIGHT;6;29:52.5
RIGHT;6;29:52.5
RIGHT;6;29:52.5
RIGHT;6;29:52.5
RIGHT;6;29:52.5
RIGHT;6;29:52.5
RIGHT;6;29:52.6
RIGHT;6;29:52.6
RIGHT;6;29:52.6
RIGHT;6;29:52.6
RIGHT;6;29:52.6
RIGHT;6;29:52.6
RIGHT;6;29:52.7
RIGHT;6;29:52.7
RIGHT;6;29:52.7
RIGHT;6;29:52.7
RIGHT;6;29:52.7
RIGHT;6;29:52.7
UP;6;29:52.8
UP;6;29:52.8
UP;6;29:52.8
UP;6;29:52.8
UP;6;29:52.8
UP;6;29:52.8
UP;6;29:52.9
UP;6;29:52.9
UP;6;29:52.9
UP;6;29:52.9
UP;6;29:52.9
UP;6;29:53.0
UP;6;29:53.0
UP;6;29:53.0
UP;6;29:53.0
UP;6;29:53.0
UP;6;29:53.0
UP;6;29:53.0
UP;6;29:53.1
UP;6;29:53.1
UP;6;29:53.1
UP;6;29:53.1
UP;6;29:53.1
UP;6;29:53.2
UP;6;29:53.2
UP;6;29:53.2
UP;6;29:53.2
RIGHT;6;29:53.2
RIGHT;6;29:53.2
RIGHT;6;29:53.3
RIGHT;6;29:53.3
RIGHT;6;29:53.3
RIGHT;6;29:53.3
RIGHT;6;29:53.3
RIGHT;6;29:53.3
RIGHT;6;29:53.4
RIGHT;6;29:53.4
RIGHT;6;29:53.4
RIGHT;6;29:53.4
RIGHT;6;29:53.4
RIGHT;6;29:53.4
RIGHT;6;29:53.5
RIGHT;6;29:53.5
RIGHT;6;29:53.5
RIGHT;6;29:53.5
RIGHT;6;29:53.5
RIGHT;6;29:53.5
LEFT;6;29:53.8
LEFT;6;29:53.8
LEFT;6;29:53.8
LEFT;6;29:53.8
LEFT;6;29:53.8
LEFT;6;29:53.9
LEFT;6;29:53.9
LEFT;6;29:53.9
LEFT;6;29:53.9
LEFT;6;29:53.9
LEFT;6;29:53.9
LEFT;6;29:54.0
LEFT;6;29:54.0
LEFT;6;29:54.0
LEFT;6;29:54.0
LEFT;6;29:54.0
LEFT;6;29:54.1
LEFT;6;29:54.1
LEFT;6;29:54.1
LEFT;6;29:54.1
LEFT;6;29:54.1
LEFT;6;29:54.1
LEFT;6;29:54.1
LEFT;6;29:54.2
LEFT;6;29:54.2
LEFT;6;29:54.2
LEFT;6;29:54.2
LEFT;6;29:54.2
LEFT;6;29:54.3
LEFT;6;29:54.3
LEFT;6;29:54.3
LEFT;6;29:54.3
LEFT;6;29:54.3
LEFT;6;29:54.3
LEFT;6;29:54.4
LEFT;6;29:54.4
LEFT;6;29:54.4
LEFT;6;29:54.4
LEFT;6;29:54.4
LEFT;6;29:54.4
LEFT;6;29:54.5
LEFT;6;29:54.5
LEFT;6;29:54.5
LEFT;6;29:54.5
LEFT;6;29:54.5
LEFT;6;29:54.5
LEFT;6;29:54.6
LEFT;6;29:54.6
LEFT;6;29:54.6
LEFT;6;29:54.6
LEFT;6;29:54.6
LEFT;6;29:54.6
LEFT;6;29:54.7
LEFT;6;29:54.7
LEFT;6;29:54.7
LEFT;6;29:54.7
LEFT;6;29:54.7
LEFT;6;29:54.7
LEFT;6;29:54.8
LEFT;6;29:54.8
LEFT;6;29:54.8
LEFT;6;29:54.8
LEFT;6;29:54.8
LEFT;6;29:54.8
LEFT;6;29:54.9
LEFT;6;29:54.9
LEFT;6;29:54.9
LEFT;6;29:54.9
LEFT;6;29:54.9
LEFT;6;29:54.9
LEFT;6;29:55.0
LEFT;6;29:55.0
LEFT;6;29:55.0
LEFT;6;29:55.0
LEFT;6;29:55.0
LEFT;6;29:55.0
LEFT;6;29:55.1
LEFT;6;29:55.1
LEFT;6;29:55.1
LEFT;6;29:55.1
LEFT;6;29:55.1
LEFT;6;29:55.1
LEFT;6;29:55.2
LEFT;6;29:55.2
LEFT;6;29:55.2
DOWN;6;29:55.2
DOWN;6;29:55.2
DOWN;6;29:55.2
DOWN;6;29:55.3
DOWN;6;29:55.3
DOWN;6;29:55.3
DOWN;6;29:55.3
DOWN;6;29:55.3
DOWN;6;29:55.4
DOWN;6;29:55.4
DOWN;6;29:55.4
DOWN;6;29:55.4
DOWN;6;29:55.4
DOWN;6;29:55.4
DOWN;6;29:55.5
DOWN;6;29:55.5
DOWN;6;29:55.5
DOWN;6;29:55.5
DOWN;6;29:55.5
DOWN;6;29:55.5
DOWN;6;29:55.6
DOWN;6;29:55.6
DOWN;6;29:55.6
DOWN;6;29:55.6
DOWN;6;29:55.6
DOWN;6;29:55.6
DOWN;6;29:55.7
DOWN;6;29:55.7
DOWN;6;29:55.7
DOWN;6;29:55.7
DOWN;6;29:55.7
DOWN;6;29:55.7
LEFT;6;29:55.8
LEFT;6;29:55.8
LEFT;6;29:55.8
LEFT;6;29:55.8
LEFT;6;29:55.8
LEFT;6;29:55.8
LEFT;6;29:55.9
LEFT;6;29:55.9
LEFT;6;29:55.9
LEFT;6;29:55.9
LEFT;6;29:55.9
LEFT;6;29:55.9
LEFT;6;29:56.0
LEFT;6;29:56.0
LEFT;6;29:56.0
LEFT;6;29:56.0
LEFT;6;29:56.0
LEFT;6;29:56.0
LEFT;6;29:56.1
RIGHT;6;29:56.3
RIGHT;6;29:56.3
RIGHT;6;29:56.3
RIGHT;6;29:56.4
RIGHT;6;29:56.4
RIGHT;6;29:56.4
RIGHT;6;29:56.4
RIGHT;6;29:56.4
RIGHT;6;29:56.4
RIGHT;6;29:56.5
RIGHT;6;29:56.5
RIGHT;6;29:56.5
RIGHT;6;29:56.5
RIGHT;6;29:56.5
RIGHT;6;29:56.5
RIGHT;6;29:56.6
RIGHT;6;29:56.6
RIGHT;6;29:56.6
RIGHT;6;29:56.6
RIGHT;6;29:56.6
RIGHT;6;29:56.6
RIGHT;6;29:56.7
RIGHT;6;29:56.7
RIGHT;6;29:56.7
RIGHT;6;29:56.7
RIGHT;6;29:56.7
RIGHT;6;29:56.7
RIGHT;6;29:56.8
RIGHT;6;29:56.8
RIGHT;6;29:56.8
RIGHT;6;29:56.8
RIGHT;6;29:56.8
RIGHT;6;29:56.8
RIGHT;6;29:56.9
RIGHT;6;29:56.9
RIGHT;6;29:56.9
RIGHT;6;29:56.9
RIGHT;6;29:56.9
RIGHT;6;29:56.9
RIGHT;6;29:57.0
RIGHT;6;29:57.0
RIGHT;6;29:57.0
RIGHT;6;29:57.0
RIGHT;6;29:57.0
RIGHT;6;29:57.0
RIGHT;6;29:57.1
RIGHT;6;29:57.1
RIGHT;6;29:57.1
RIGHT;6;29:57.1
RIGHT;6;29:57.1
RIGHT;6;29:57.1
RIGHT;6;29:57.2
RIGHT;6;29:57.2
RIGHT;6;29:57.2
RIGHT;6;29:57.2
RIGHT;6;29:57.2
RIGHT;6;29:57.2
RIGHT;6;29:57.3
RIGHT;6;29:57.3
RIGHT;6;29:57.3
RIGHT;6;29:57.3
RIGHT;6;29:57.3
RIGHT;6;29:57.3
RIGHT;6;29:57.4
RIGHT;6;29:57.4
RIGHT;6;29:57.4
RIGHT;6;29:57.4
RIGHT;6;29:57.4
RIGHT;6;29:57.4
RIGHT;6;29:57.5
RIGHT;6;29:57.5
RIGHT;6;29:57.5
RIGHT;6;29:57.5
RIGHT;6;29:57.5
RIGHT;6;29:57.5
RIGHT;6;29:57.6
RIGHT;6;29:57.6
RIGHT;6;29:57.6
RIGHT;6;29:57.6
RIGHT;6;29:57.6
RIGHT;6;29:57.7
RIGHT;6;29:57.7
RIGHT;6;29:57.7
RIGHT;6;29:57.7
RIGHT;6;29:57.7
RIGHT;6;29:57.7
RIGHT;6;29:57.8
RIGHT;6;29:57.8
RIGHT;6;29:57.8
RIGHT;6;29:57.8
RIGHT;6;29:57.8
UP;6;29:57.8
UP;6;29:57.9
UP;6;29:57.9
UP;6;29:57.9
UP;6;29:57.9
UP;6;29:57.9
UP;6;29:57.9
UP;6;29:58.0
UP;6;29:58.0
UP;6;29:58.0
UP;6;29:58.0
UP;6;29:58.0
UP;6;29:58.0
UP;6;29:58.1
UP;6;29:58.1
UP;6;29:58.1
UP;6;29:58.1
UP;6;29:58.1
UP;6;29:58.1
UP;6;29:58.2
UP;6;29:58.2
UP;6;29:58.2
UP;6;29:58.2
UP;6;29:58.2
UP;6;29:58.2
UP;6;29:58.3
UP;6;29:58.3
UP;6;29:58.3
UP;6;29:58.3
UP;6;29:58.3
UP;6;29:58.3
UP;6;29:58.4
UP;6;29:58.4
UP;6;29:58.4
UP;6;29:58.4
UP;6;29:58.4
RIGHT;6;29:58.4
RIGHT;6;29:58.5
RIGHT;6;29:58.5
RIGHT;6;29:58.5
UP;6;29:58.5
UP;6;29:58.5
UP;6;29:58.5
UP;6;29:58.6
UP;6;29:58.6
UP;6;29:58.6
UP;6;29:58.6
UP;6;29:58.6
UP;6;29:58.6
UP;6;29:58.7
UP;6;29:58.7
UP;6;29:58.7
UP;6;29:58.7
UP;6;29:58.7
UP;6;29:58.7
UP;6;29:58.8
UP;6;29:58.8
UP;6;29:58.8
UP;6;29:58.8
UP;6;29:58.8
UP;6;29:58.8
UP;6;29:58.9
UP;6;29:58.9
UP;6;29:58.9
UP;6;29:58.9
UP;6;29:58.9
UP;6;29:58.9
UP;6;29:59.0
UP;6;29:59.0
UP;6;29:59.0
UP;6;29:59.0
UP;6;29:59.0
UP;6;29:59.0
LEFT;6;29:59.2
LEFT;6;29:59.2
LEFT;6;29:59.2
LEFT;6;29:59.2
LEFT;6;29:59.2
UP;6;29:59.4
UP;6;29:59.4
UP;6;29:59.4
UP;6;29:59.4
UP;6;29:59.4
UP;6;29:59.4
UP;6;29:59.5
UP;6;29:59.5
UP;6;29:59.5
UP;6;29:59.5
UP;6;29:59.5
UP;6;29:59.6
UP;6;29:59.6
UP;6;29:59.6
UP;6;29:59.6
UP;6;29:59.6
UP;6;29:59.6
UP;6;29:59.7
UP;6;29:59.7
UP;6;29:59.7
UP;6;29:59.7
RIGHT;6;30:00.2
RIGHT;6;30:00.2
RIGHT;6;30:00.2
RIGHT;6;30:00.2
RIGHT;6;30:00.2
RIGHT;6;30:00.3
RIGHT;6;30:00.3
RIGHT;6;30:00.3
RIGHT;6;30:00.3
RIGHT;6;30:00.3
RIGHT;6;30:00.3
RIGHT;6;30:00.4
RIGHT;6;30:00.4
RIGHT;6;30:00.4
RIGHT;6;30:00.4
RIGHT;6;30:00.4
RIGHT;6;30:00.4
RIGHT;6;30:00.5
RIGHT;6;30:00.5
RIGHT;6;30:00.5
RIGHT;6;30:00.5
RIGHT;6;30:00.5
RIGHT;6;30:00.6
RIGHT;6;30:00.6
RIGHT;6;30:00.6
RIGHT;6;30:00.6
RIGHT;6;30:00.6
RIGHT;6;30:00.6
RIGHT;6;30:00.7
RIGHT;6;30:00.7
RIGHT;6;30:00.7
RIGHT;6;30:00.7
RIGHT;6;30:00.7
RIGHT;6;30:00.7
RIGHT;6;30:00.8
RIGHT;6;30:00.8
RIGHT;6;30:00.8
RIGHT;6;30:00.8
RIGHT;6;30:00.8
RIGHT;6;30:00.8
RIGHT;6;30:00.9
RIGHT;6;30:00.9
RIGHT;6;30:00.9
RIGHT;6;30:00.9
UP;6;30:01.1
UP;6;30:01.1
UP;6;30:01.1
UP;6;30:01.1
UP;6;30:01.1
UP;6;30:01.1
UP;6;30:01.2
UP;6;30:01.2
UP;6;30:01.2
UP;6;30:01.2
UP;6;30:01.2
UP;6;30:01.2
RIGHT;6;30:01.4
RIGHT;6;30:01.4
RIGHT;6;30:01.4
RIGHT;6;30:01.4
RIGHT;6;30:01.4
RIGHT;6;30:01.4
RIGHT;6;30:01.5
RIGHT;6;30:01.5
RIGHT;6;30:01.5
RIGHT;6;30:01.5
RIGHT;6;30:01.5
RIGHT;6;30:01.5
DOWN;6;30:01.6
DOWN;6;30:01.6
DOWN;6;30:01.6
DOWN;6;30:01.7
DOWN;6;30:01.7
DOWN;6;30:01.7
DOWN;6;30:01.7
DOWN;6;30:01.7
DOWN;6;30:01.8
DOWN;6;30:01.8
LEFT;6;30:02.2
LEFT;6;30:02.2
LEFT;6;30:02.2
LEFT;6;30:02.2
LEFT;6;30:02.2
LEFT;6;30:02.2
LEFT;6;30:02.3
LEFT;6;30:02.3
LEFT;6;30:02.3
LEFT;6;30:02.3
LEFT;6;30:02.3
LEFT;6;30:02.3
LEFT;6;30:02.4
LEFT;6;30:02.4
LEFT;6;30:02.4
LEFT;6;30:02.4
LEFT;6;30:02.4
LEFT;6;30:02.4
LEFT;6;30:02.5
LEFT;6;30:02.5
LEFT;6;30:02.5
LEFT;6;30:02.5
LEFT;6;30:02.5
LEFT;6;30:02.5
LEFT;6;30:02.6
LEFT;6;30:02.6
LEFT;6;30:02.6
LEFT;6;30:02.6
LEFT;6;30:02.6
LEFT;6;30:02.6
LEFT;6;30:02.7
LEFT;6;30:02.7
LEFT;6;30:02.7
LEFT;6;30:02.7
LEFT;6;30:02.7
LEFT;6;30:02.7
LEFT;6;30:02.8
LEFT;6;30:02.8
LEFT;6;30:02.8
LEFT;6;30:02.8
LEFT;6;30:02.8
LEFT;6;30:02.8
LEFT;6;30:02.9
LEFT;6;30:02.9
LEFT;6;30:02.9
LEFT;6;30:02.9
LEFT;6;30:02.9
LEFT;6;30:02.9
LEFT;6;30:03.0
LEFT;6;30:03.0
LEFT;6;30:03.0
LEFT;6;30:03.0
LEFT;6;30:03.0
LEFT;6;30:03.0
LEFT;6;30:03.1
LEFT;6;30:03.1
LEFT;6;30:03.1
LEFT;6;30:03.1
LEFT;6;30:03.1
LEFT;6;30:03.1
LEFT;6;30:03.2
LEFT;6;30:03.2
LEFT;6;30:03.2
LEFT;6;30:03.2
LEFT;6;30:03.2
LEFT;6;30:03.3
LEFT;6;30:03.3
LEFT;6;30:03.3
LEFT;6;30:03.3
LEFT;6;30:03.3
LEFT;6;30:03.3
LEFT;6;30:03.4
LEFT;6;30:03.4
LEFT;6;30:03.4
LEFT;6;30:03.4
LEFT;6;30:03.4
LEFT;6;30:03.4
LEFT;6;30:03.5
LEFT;6;30:03.5
LEFT;6;30:03.5
LEFT;6;30:03.5
LEFT;6;30:03.5
LEFT;6;30:03.5
LEFT;6;30:03.6
LEFT;6;30:03.6
LEFT;6;30:03.6
LEFT;6;30:03.6
LEFT;6;30:03.6
LEFT;6;30:03.6
LEFT;6;30:03.7
LEFT;6;30:03.7
LEFT;6;30:03.7
DOWN;6;30:03.7
DOWN;6;30:03.7
DOWN;6;30:03.7
DOWN;6;30:03.8
DOWN;6;30:03.8
DOWN;6;30:03.8
DOWN;6;30:03.8
DOWN;6;30:03.8
DOWN;6;30:03.8
DOWN;6;30:03.9
DOWN;6;30:03.9
DOWN;6;30:03.9
DOWN;6;30:03.9
DOWN;6;30:03.9
DOWN;6;30:03.9
DOWN;6;30:04.0
DOWN;6;30:04.0
DOWN;6;30:04.0
DOWN;6;30:04.0
DOWN;6;30:04.0
DOWN;6;30:04.0
DOWN;6;30:04.1
DOWN;6;30:04.1
DOWN;6;30:04.1
DOWN;6;30:04.1
DOWN;6;30:04.1
DOWN;6;30:04.1
DOWN;6;30:04.2
DOWN;6;30:04.2
DOWN;6;30:04.2
DOWN;6;30:04.2
DOWN;6;30:04.2
DOWN;6;30:04.2
DOWN;6;30:04.3
DOWN;6;30:04.3
DOWN;6;30:04.3
DOWN;6;30:04.3
DOWN;6;30:04.3
DOWN;6;30:04.3
DOWN;6;30:04.4
DOWN;6;30:04.4
DOWN;6;30:04.4
DOWN;6;30:04.4
DOWN;6;30:04.4
DOWN;6;30:04.4
DOWN;6;30:04.5
DOWN;6;30:04.5
DOWN;6;30:04.5
DOWN;6;30:04.5
DOWN;6;30:04.5
DOWN;6;30:04.5
DOWN;6;30:04.6
DOWN;6;30:04.6
DOWN;6;30:04.6
DOWN;6;30:04.6
DOWN;6;30:04.6
DOWN;6;30:04.7
DOWN;6;30:04.7
DOWN;6;30:04.7
DOWN;6;30:04.7
DOWN;6;30:04.7
DOWN;6;30:04.7
DOWN;6;30:04.8
DOWN;6;30:04.8
DOWN;6;30:04.8
DOWN;6;30:04.8
DOWN;6;30:04.8
DOWN;6;30:04.8
DOWN;6;30:04.9
LEFT;6;30:04.9
LEFT;6;30:04.9
LEFT;6;30:04.9
LEFT;6;30:04.9
LEFT;6;30:04.9
LEFT;6;30:05.0
LEFT;6;30:05.0
LEFT;6;30:05.0
LEFT;6;30:05.0
LEFT;6;30:05.0
LEFT;6;30:05.0
LEFT;6;30:05.1
LEFT;6;30:05.1
LEFT;6;30:05.1
LEFT;6;30:05.1
LEFT;6;30:05.1
LEFT;6;30:05.1
LEFT;6;30:05.2
LEFT;6;30:05.2
LEFT;6;30:05.2
LEFT;6;30:05.2
LEFT;6;30:05.2
RIGHT;6;30:05.5
RIGHT;6;30:05.5
RIGHT;6;30:05.5
RIGHT;6;30:05.5
RIGHT;6;30:05.5
RIGHT;6;30:05.5
RIGHT;6;30:05.6
RIGHT;6;30:05.6
RIGHT;6;30:05.6
RIGHT;6;30:05.6
RIGHT;6;30:05.6
RIGHT;6;30:05.7
RIGHT;6;30:05.7
RIGHT;6;30:05.7
RIGHT;6;30:05.7
RIGHT;6;30:05.7
RIGHT;6;30:05.7
RIGHT;6;30:05.8
RIGHT;6;30:05.8
RIGHT;6;30:05.8
RIGHT;6;30:05.8
RIGHT;6;30:05.8
RIGHT;6;30:05.8
RIGHT;6;30:05.9
RIGHT;6;30:05.9
RIGHT;6;30:05.9
RIGHT;6;30:05.9
RIGHT;6;30:05.9
RIGHT;6;30:05.9
RIGHT;6;30:06.0
RIGHT;6;30:06.0
RIGHT;6;30:06.0
RIGHT;6;30:06.0
RIGHT;6;30:06.0
RIGHT;6;30:06.0
RIGHT;6;30:06.1
RIGHT;6;30:06.1
RIGHT;6;30:06.1
RIGHT;6;30:06.1
RIGHT;6;30:06.1
RIGHT;6;30:06.1
RIGHT;6;30:06.2
RIGHT;6;30:06.2
RIGHT;6;30:06.2
RIGHT;6;30:06.2
RIGHT;6;30:06.2
RIGHT;6;30:06.2
RIGHT;6;30:06.3
RIGHT;6;30:06.3
RIGHT;6;30:06.3
RIGHT;6;30:06.3
RIGHT;6;30:06.3
RIGHT;6;30:06.3
RIGHT;6;30:06.4
RIGHT;6;30:06.4
RIGHT;6;30:06.4
RIGHT;6;30:06.4
RIGHT;6;30:06.4
RIGHT;6;30:06.5
RIGHT;6;30:06.5
RIGHT;6;30:06.5
RIGHT;6;30:06.5
RIGHT;6;30:06.5
RIGHT;6;30:06.5
RIGHT;6;30:06.6
RIGHT;6;30:06.6
RIGHT;6;30:06.6
RIGHT;6;30:06.6
RIGHT;6;30:06.6
RIGHT;6;30:06.6
RIGHT;6;30:06.7
RIGHT;6;30:06.7
RIGHT;6;30:06.7
RIGHT;6;30:06.7
RIGHT;6;30:06.7
RIGHT;6;30:06.7
RIGHT;6;30:06.8
UP;6;30:06.9
UP;6;30:06.9
UP;6;30:06.9
UP;6;30:06.9
UP;6;30:07.0
UP;6;30:07.0
UP;6;30:07.0
UP;6;30:07.0
UP;6;30:07.0
UP;6;30:07.0
UP;6;30:07.1
UP;6;30:07.1
UP;6;30:07.1
UP;6;30:07.1
UP;6;30:07.1
UP;6;30:07.1
UP;6;30:07.2
UP;6;30:07.2
UP;6;30:07.2
UP;6;30:07.2
UP;6;30:07.2
UP;6;30:07.2
UP;6;30:07.3
UP;6;30:07.3
UP;6;30:07.3
UP;6;30:07.3
UP;6;30:07.3
UP;6;30:07.3
UP;6;30:07.4
UP;6;30:07.4
UP;6;30:07.4
UP;6;30:07.4
UP;6;30:07.4
UP;6;30:07.4
UP;6;30:07.5
UP;6;30:07.5
UP;6;30:07.5
UP;6;30:07.5
UP;6;30:07.5
UP;6;30:07.5
UP;6;30:07.6
UP;6;30:07.6
UP;6;30:07.6
UP;6;30:07.6
UP;6;30:07.6
UP;6;30:07.7
UP;6;30:07.7
UP;6;30:07.7
UP;6;30:07.7
RIGHT;6;30:07.7
RIGHT;6;30:07.7
RIGHT;6;30:07.8
RIGHT;6;30:07.8
RIGHT;6;30:07.8
RIGHT;6;30:07.8
RIGHT;6;30:07.8
RIGHT;6;30:07.8
RIGHT;6;30:07.9
RIGHT;6;30:07.9
RIGHT;6;30:07.9
RIGHT;6;30:07.9
RIGHT;6;30:07.9
RIGHT;6;30:07.9
RIGHT;6;30:08.0
RIGHT;6;30:08.0
RIGHT;6;30:08.0
UP;6;30:08.1
UP;6;30:08.1
UP;6;30:08.1
UP;6;30:08.1
UP;6;30:08.1
UP;6;30:08.2
UP;6;30:08.2
UP;6;30:08.2
UP;6;30:08.2
UP;6;30:08.2
LEFT;6;30:08.3
LEFT;6;30:08.3
LEFT;6;30:08.3
LEFT;6;30:08.4
LEFT;6;30:08.4
LEFT;6;30:08.4
LEFT;6;30:08.4
LEFT;6;30:08.4
LEFT;6;30:08.4
LEFT;6;30:08.5
RIGHT;1;30:08.8
RIGHT;1;30:08.8
RIGHT;1;30:08.8
RIGHT;1;30:08.8
RIGHT;1;30:08.9
RIGHT;1;30:08.9
RIGHT;1;30:08.9
RIGHT;1;30:08.9
RIGHT;1;30:08.9
RIGHT;1;30:08.9
RIGHT;1;30:09.0
RIGHT;1;30:09.0
RIGHT;1;30:09.0
RIGHT;1;30:09.0
RIGHT;1;30:09.0
RIGHT;1;30:09.0
RIGHT;1;30:09.1
RIGHT;1;30:09.1
RIGHT;1;30:09.1
RIGHT;1;30:09.1
RIGHT;1;30:09.1
RIGHT;1;30:09.1
RIGHT;1;30:09.2
RIGHT;1;30:09.2
RIGHT;1;30:09.2
RIGHT;1;30:09.2
RIGHT;1;30:09.2
RIGHT;1;30:09.3
RIGHT;1;30:09.3
RIGHT;1;30:09.3
RIGHT;1;30:09.3
RIGHT;1;30:09.3
RIGHT;1;30:09.3
RIGHT;1;30:09.4
RIGHT;1;30:09.4
RIGHT;1;30:09.4
RIGHT;1;30:09.4
RIGHT;1;30:09.4
RIGHT;1;30:09.4
RIGHT;1;30:09.5
RIGHT;1;30:09.5
RIGHT;1;30:09.5
RIGHT;1;30:09.5
RIGHT;1;30:09.5
RIGHT;1;30:09.5
RIGHT;1;30:09.7
RIGHT;1;30:09.7
RIGHT;1;30:09.7
RIGHT;1;30:09.7
RIGHT;1;30:10.0
RIGHT;1;30:10.0
RIGHT;1;30:10.1
RIGHT;1;30:10.1
RIGHT;1;30:10.1
RIGHT;1;30:10.1
RIGHT;1;30:10.1
RIGHT;1;30:10.1
RIGHT;1;30:10.2
RIGHT;1;30:10.2
RIGHT;1;30:10.2
RIGHT;1;30:10.2
RIGHT;1;30:10.2
RIGHT;1;30:10.2
RIGHT;1;30:10.3
RIGHT;1;30:10.3
RIGHT;1;30:10.3
RIGHT;1;30:10.3
RIGHT;1;30:10.3
RIGHT;1;30:10.3
RIGHT;1;30:10.4
RIGHT;1;30:10.4
RIGHT;1;30:10.4
RIGHT;1;30:10.4
RIGHT;1;30:10.4
RIGHT;1;30:10.4
RIGHT;1;30:10.5
RIGHT;1;30:10.5
RIGHT;1;30:10.5
RIGHT;6;30:10.5
RIGHT;6;30:10.5
RIGHT;6;30:10.6
RIGHT;6;30:10.6
RIGHT;6;30:10.6
RIGHT;6;30:10.6
RIGHT;6;30:10.7
RIGHT;6;30:10.7
RIGHT;6;30:10.7
RIGHT;6;30:10.7
RIGHT;6;30:10.7
RIGHT;6;30:10.7
RIGHT;6;30:10.8
RIGHT;6;30:10.8
RIGHT;6;30:10.8
RIGHT;6;30:10.8
RIGHT;6;30:10.8
RIGHT;6;30:10.8
RIGHT;6;30:10.9
LEFT;6;30:11.0
LEFT;6;30:11.0
LEFT;6;30:11.1
LEFT;6;30:11.1
LEFT;6;30:11.1
LEFT;6;30:11.1
LEFT;6;30:11.1
LEFT;6;30:11.2
LEFT;6;30:11.2
LEFT;6;30:11.2
UP;6;30:11.3
UP;6;30:11.3
UP;6;30:11.3
UP;6;30:11.3
UP;6;30:11.3
UP;6;30:11.3
UP;6;30:11.4
UP;6;30:11.4
UP;6;30:11.4
UP;6;30:11.4
UP;6;30:11.4
UP;6;30:11.4
UP;6;30:11.5
UP;6;30:11.5
UP;6;30:11.5
UP;6;30:11.5
UP;6;30:11.5
DOWN;6;30:11.9
DOWN;6;30:11.9
DOWN;6;30:11.9
DOWN;6;30:11.9
DOWN;6;30:11.9
DOWN;6;30:11.9
DOWN;6;30:12.0
DOWN;6;30:12.0
DOWN;6;30:12.0
DOWN;6;30:12.0
DOWN;6;30:12.0
DOWN;6;30:12.0
DOWN;6;30:12.1
DOWN;6;30:12.1
DOWN;6;30:12.1
DOWN;6;30:12.1
DOWN;6;30:12.1
DOWN;6;30:12.1
DOWN;6;30:12.2
DOWN;6;30:12.2
DOWN;6;30:12.2
DOWN;6;30:12.2
DOWN;6;30:12.2
DOWN;6;30:12.3
DOWN;6;30:12.3
DOWN;6;30:12.3
DOWN;6;30:12.3
DOWN;6;30:12.3
DOWN;6;30:12.3
DOWN;6;30:12.4
DOWN;6;30:12.4
DOWN;6;30:12.4
DOWN;6;30:12.4
DOWN;6;30:12.4
DOWN;6;30:12.4
DOWN;6;30:12.5
DOWN;6;30:12.5
DOWN;6;30:12.5
DOWN;1;30:12.5
DOWN;1;30:12.5
DOWN;1;30:12.5
DOWN;1;30:12.6
DOWN;1;30:12.6
DOWN;1;30:12.6
DOWN;1;30:12.6
DOWN;1;30:12.6
DOWN;1;30:12.6
DOWN;1;30:12.7
DOWN;1;30:12.7
DOWN;1;30:12.7
DOWN;1;30:12.7
DOWN;1;30:12.7
DOWN;1;30:12.7
DOWN;1;30:12.8
DOWN;1;30:12.8
DOWN;1;30:12.8
DOWN;1;30:12.8
DOWN;1;30:12.8
DOWN;1;30:12.8
DOWN;1;30:12.9
DOWN;1;30:12.9
DOWN;1;30:12.9
DOWN;1;30:12.9
DOWN;1;30:12.9
DOWN;1;30:12.9
DOWN;1;30:13.0
DOWN;1;30:13.0
DOWN;1;30:13.0
DOWN;1;30:13.0
DOWN;1;30:13.0
DOWN;1;30:13.0
DOWN;1;30:13.1
DOWN;1;30:13.1
DOWN;1;30:13.1
DOWN;1;30:13.1
DOWN;1;30:13.1
DOWN;1;30:13.2
DOWN;1;30:13.2
DOWN;1;30:13.2
DOWN;1;30:13.2
DOWN;1;30:13.2
DOWN;1;30:13.2
DOWN;1;30:13.3
DOWN;1;30:13.3
DOWN;1;30:13.3
DOWN;1;30:13.3
DOWN;1;30:13.3
DOWN;1;30:13.3
DOWN;1;30:13.4
DOWN;1;30:13.4
DOWN;1;30:14.0
DOWN;1;30:14.1
DOWN;1;30:14.1
DOWN;1;30:14.1
DOWN;1;30:14.1
DOWN;1;30:14.1
DOWN;1;30:14.1
DOWN;1;30:14.2
DOWN;1;30:14.2
DOWN;1;30:14.2
DOWN;1;30:14.2
DOWN;1;30:14.2
DOWN;1;30:14.2
DOWN;1;30:14.3
DOWN;1;30:14.3
DOWN;1;30:14.3
DOWN;1;30:14.3
DOWN;1;30:14.3
DOWN;1;30:14.3
DOWN;1;30:14.4
DOWN;1;30:14.4
DOWN;1;30:14.4
DOWN;1;30:14.4
DOWN;1;30:14.4
DOWN;1;30:14.4
DOWN;1;30:14.5
DOWN;1;30:14.5
DOWN;1;30:14.5
DOWN;6;30:14.5
DOWN;6;30:14.5
DOWN;6;30:14.5
DOWN;6;30:14.6
DOWN;6;30:14.6
DOWN;6;30:14.6
DOWN;6;30:14.6
DOWN;6;30:14.6
DOWN;6;30:14.6
DOWN;6;30:14.7
DOWN;6;30:14.7
DOWN;6;30:14.7
DOWN;6;30:14.7
DOWN;6;30:14.7
DOWN;6;30:14.8
DOWN;6;30:14.8
DOWN;6;30:14.8
DOWN;6;30:14.8
DOWN;6;30:14.8
DOWN;6;30:14.8
DOWN;6;30:14.9
DOWN;6;30:14.9
DOWN;6;30:14.9
DOWN;6;30:14.9
DOWN;6;30:14.9
DOWN;6;30:14.9
DOWN;6;30:15.0
DOWN;6;30:15.0
DOWN;6;30:15.1
DOWN;6;30:15.1
DOWN;6;30:15.1
DOWN;6;30:15.2
DOWN;6;30:15.2
DOWN;6;30:15.2
DOWN;6;30:15.2
DOWN;6;30:15.2
DOWN;6;30:15.2
DOWN;6;30:15.3
DOWN;6;30:15.3
DOWN;6;30:15.3
DOWN;6;30:15.3
DOWN;6;30:15.3
DOWN;6;30:15.3
DOWN;6;30:15.4
DOWN;6;30:15.4
DOWN;6;30:15.4
DOWN;6;30:15.4
DOWN;6;30:15.4
LEFT;6;30:15.5
LEFT;6;30:15.5
LEFT;6;30:15.5
LEFT;6;30:15.5
LEFT;6;30:15.5
LEFT;6;30:15.5
LEFT;6;30:15.6
LEFT;6;30:15.6
LEFT;6;30:15.6
LEFT;6;30:15.6
LEFT;6;30:15.6
LEFT;6;30:15.6
UP;6;30:15.8
UP;6;30:15.8
UP;6;30:15.8
UP;6;30:15.9
UP;6;30:15.9
UP;6;30:15.9
UP;6;30:15.9
UP;6;30:15.9
UP;6;30:15.9
UP;6;30:16.0
RIGHT;6;30:16.0
RIGHT;6;30:16.0
RIGHT;6;30:16.0
RIGHT;6;30:16.0
RIGHT;6;30:16.1
RIGHT;6;30:16.1
RIGHT;6;30:16.1
RIGHT;6;30:16.1
RIGHT;6;30:16.1
LEFT;6;30:16.5
LEFT;6;30:16.5
LEFT;6;30:16.6
LEFT;6;30:16.6
LEFT;6;30:16.6
LEFT;6;30:16.6
LEFT;6;30:16.6
LEFT;6;30:16.7
LEFT;6;30:16.7
LEFT;6;30:16.7
LEFT;6;30:16.7
LEFT;6;30:16.8
LEFT;6;30:16.8
LEFT;6;30:16.8
LEFT;6;30:16.8
LEFT;6;30:16.8
UP;6;30:16.9
UP;6;30:16.9
UP;6;30:16.9
UP;6;30:16.9
UP;6;30:17.0
UP;6;30:17.0
UP;6;30:17.0
UP;6;30:17.0
UP;6;30:17.1
UP;6;30:17.1
UP;6;30:17.1
UP;6;30:17.1
UP;6;30:17.2
UP;6;30:17.2
UP;6;30:17.2
UP;6;30:17.2
UP;6;30:17.2
UP;6;30:17.3
UP;6;30:17.3
UP;6;30:17.3
UP;6;30:17.3
UP;6;30:17.4
UP;6;30:17.4
UP;6;30:17.4
UP;6;30:17.4
UP;6;30:17.4
UP;6;30:17.5
UP;6;30:17.5
UP;6;30:17.5
UP;6;30:17.5
UP;6;30:17.6
UP;6;30:17.6
UP;6;30:17.6
UP;6;30:17.6
UP;6;30:17.7
UP;6;30:17.7
UP;6;30:17.7
UP;6;30:17.7
UP;6;30:17.7
UP;6;30:17.8
UP;6;30:17.8
UP;6;30:17.8
UP;6;30:17.8
UP;6;30:17.9
LEFT;6;30:18.0
LEFT;6;30:18.0
LEFT;6;30:18.0
LEFT;6;30:18.1
LEFT;6;30:18.1
LEFT;6;30:18.1
LEFT;6;30:18.1
LEFT;6;30:18.2
LEFT;6;30:18.2
LEFT;6;30:18.2
LEFT;6;30:18.2
LEFT;6;30:18.2
LEFT;6;30:18.3
LEFT;6;30:18.3
LEFT;6;30:18.3
LEFT;6;30:18.3
LEFT;6;30:18.4
LEFT;6;30:18.4
LEFT;6;30:18.4
LEFT;6;30:18.4
LEFT;6;30:18.4
LEFT;6;30:18.5
LEFT;6;30:18.5
LEFT;6;30:18.5
LEFT;6;30:18.5
LEFT;6;30:18.6
LEFT;6;30:18.6
LEFT;6;30:18.6
LEFT;6;30:18.6
LEFT;6;30:18.6
LEFT;6;30:18.7
LEFT;6;30:18.7
LEFT;6;30:18.7
LEFT;6;30:18.7
LEFT;6;30:18.8
LEFT;6;30:18.8
LEFT;6;30:18.8
LEFT;6;30:18.8
LEFT;6;30:18.9
LEFT;6;30:18.9
LEFT;6;30:18.9
LEFT;6;30:18.9
LEFT;6;30:18.9
LEFT;6;30:19.0
LEFT;6;30:19.0
LEFT;6;30:19.0
LEFT;6;30:19.0
LEFT;6;30:19.1
LEFT;6;30:19.1
LEFT;6;30:19.1
LEFT;6;30:19.1
LEFT;6;30:19.1
LEFT;6;30:19.2
LEFT;6;30:19.2
LEFT;6;30:19.2
LEFT;6;30:19.2
LEFT;6;30:19.3
LEFT;6;30:19.3
LEFT;6;30:19.3
LEFT;6;30:19.3
LEFT;6;30:19.3
LEFT;6;30:19.4
LEFT;6;30:19.4
LEFT;6;30:19.4
LEFT;6;30:19.4
LEFT;6;30:19.5
LEFT;6;30:19.5
LEFT;6;30:19.5
LEFT;6;30:19.5
LEFT;6;30:19.6
LEFT;6;30:19.6
LEFT;6;30:19.6
LEFT;6;30:19.6
LEFT;6;30:19.7
LEFT;6;30:19.7
LEFT;6;30:19.7
LEFT;6;30:19.7
LEFT;6;30:19.8
LEFT;6;30:19.8
LEFT;6;30:19.8
LEFT;6;30:19.8
LEFT;6;30:19.8
LEFT;6;30:19.9
UP;6;30:19.9
UP;6;30:19.9
UP;6;30:19.9
UP;6;30:20.0
UP;6;30:20.0
UP;6;30:20.0
UP;6;30:20.0
UP;6;30:20.0
UP;6;30:20.1
UP;6;30:20.1
UP;6;30:20.1
UP;6;30:20.1
UP;6;30:20.2
UP;6;30:20.2
UP;6;30:20.2
UP;6;30:20.2
UP;6;30:20.3
UP;6;30:20.3
UP;6;30:20.3
UP;6;30:20.3
UP;6;30:20.3
UP;6;30:20.4
UP;6;30:20.4
UP;6;30:20.4
UP;6;30:20.4
DOWN;6;30:21.5
DOWN;6;30:21.6
DOWN;6;30:21.6
DOWN;6;30:21.6
DOWN;6;30:21.6
DOWN;6;30:21.6
DOWN;6;30:21.7
DOWN;6;30:21.7
RIGHT;6;30:22.0
RIGHT;6;30:22.0
RIGHT;6;30:22.0
RIGHT;6;30:22.0
RIGHT;6;30:22.1
RIGHT;6;30:22.1
RIGHT;6;30:22.1
RIGHT;6;30:22.1
RIGHT;6;30:22.2
RIGHT;6;30:22.2
RIGHT;6;30:22.2
RIGHT;6;30:22.2
RIGHT;6;30:22.3
RIGHT;6;30:22.3
RIGHT;6;30:22.3
RIGHT;6;30:22.3
RIGHT;6;30:22.3
RIGHT;6;30:22.4
RIGHT;6;30:22.4
RIGHT;6;30:22.4
RIGHT;6;30:22.4
RIGHT;6;30:22.5
RIGHT;6;30:22.5
RIGHT;6;30:22.5
RIGHT;6;30:22.5
RIGHT;6;30:22.6
RIGHT;6;30:22.6
RIGHT;6;30:22.6
RIGHT;6;30:22.6
RIGHT;6;30:22.7
RIGHT;6;30:22.7
RIGHT;6;30:22.7
RIGHT;6;30:22.7
RIGHT;6;30:22.7
RIGHT;6;30:22.8
RIGHT;6;30:22.8
RIGHT;6;30:22.8
RIGHT;6;30:22.8
RIGHT;6;30:22.9
RIGHT;6;30:22.9
RIGHT;6;30:22.9
RIGHT;6;30:22.9
RIGHT;6;30:22.9
RIGHT;6;30:23.0
RIGHT;6;30:23.0
RIGHT;6;30:23.0
RIGHT;6;30:23.0
RIGHT;6;30:23.1
RIGHT;6;30:23.1
RIGHT;6;30:23.1
RIGHT;6;30:23.1
RIGHT;6;30:23.1
RIGHT;6;30:23.2
RIGHT;6;30:23.2
RIGHT;6;30:23.2
RIGHT;6;30:23.2
RIGHT;6;30:23.3
RIGHT;6;30:23.3
RIGHT;6;30:23.3
RIGHT;6;30:23.3
RIGHT;6;30:23.4
RIGHT;6;30:23.4
RIGHT;6;30:23.4
RIGHT;6;30:23.4
RIGHT;6;30:23.5
RIGHT;6;30:23.5
RIGHT;6;30:24.5
RIGHT;6;30:25.0
RIGHT;6;30:25.0
RIGHT;6;30:25.0
RIGHT;6;30:25.1
RIGHT;6;30:25.1
RIGHT;6;30:25.1
RIGHT;6;30:25.1
RIGHT;6;30:25.2
RIGHT;6;30:25.2
RIGHT;6;30:25.2
RIGHT;6;30:25.2
RIGHT;6;30:25.3
DOWN;6;30:25.3
DOWN;6;30:25.3
DOWN;6;30:25.3
DOWN;6;30:25.3
DOWN;6;30:25.4
DOWN;6;30:25.4
DOWN;6;30:25.4
DOWN;6;30:25.4
DOWN;6;30:25.5
DOWN;6;30:25.5
DOWN;6;30:25.5
DOWN;6;30:25.5
DOWN;6;30:25.6
DOWN;6;30:25.6
DOWN;6;30:25.6
DOWN;6;30:25.6
DOWN;6;30:25.7
DOWN;6;30:25.7
DOWN;6;30:25.7
DOWN;6;30:25.7
DOWN;6;30:25.7
DOWN;6;30:25.8
DOWN;6;30:25.8
DOWN;6;30:25.8
DOWN;6;30:25.8
DOWN;6;30:25.9
DOWN;6;30:25.9
DOWN;6;30:25.9
DOWN;6;30:25.9
DOWN;6;30:25.9
DOWN;6;30:26.0
DOWN;6;30:26.0
DOWN;6;30:26.0
DOWN;6;30:26.0
DOWN;6;30:26.1
DOWN;6;30:26.1
DOWN;6;30:26.1
DOWN;6;30:26.1
DOWN;6;30:26.2
DOWN;6;30:26.2
DOWN;6;30:26.2
DOWN;6;30:26.2
RIGHT;6;30:26.2
RIGHT;6;30:26.3
RIGHT;6;30:26.3
RIGHT;6;30:26.3
RIGHT;6;30:26.3
RIGHT;6;30:26.4
RIGHT;6;30:26.4
RIGHT;6;30:26.4
RIGHT;6;30:26.4
RIGHT;6;30:26.5
RIGHT;6;30:26.5
DOWN;6;30:26.5
DOWN;6;30:26.5
DOWN;6;30:26.5
DOWN;6;30:26.6
DOWN;6;30:26.6
DOWN;6;30:26.6
DOWN;6;30:26.6
DOWN;6;30:26.7
DOWN;6;30:26.7
DOWN;6;30:26.7
DOWN;6;30:26.7
DOWN;6;30:26.8
DOWN;6;30:26.8
DOWN;6;30:26.8
DOWN;6;30:26.8
LEFT;6;30:26.9
LEFT;6;30:26.9
LEFT;6;30:26.9
LEFT;6;30:27.0
LEFT;6;30:27.0
LEFT;6;30:27.0
LEFT;6;30:27.0
LEFT;6;30:27.0
LEFT;6;30:27.1
LEFT;6;30:27.1
LEFT;6;30:27.1
UP;6;30:27.2
UP;6;30:27.2
UP;6;30:27.3
UP;6;30:27.3
UP;6;30:27.3
UP;6;30:27.3
UP;6;30:27.3
UP;6;30:27.4
UP;6;30:27.4
UP;6;30:27.4
RIGHT;6;30:27.4
RIGHT;6;30:27.5
RIGHT;6;30:27.5
RIGHT;6;30:27.5
RIGHT;6;30:27.5
RIGHT;6;30:27.6
RIGHT;6;30:27.6
RIGHT;6;30:27.6
RIGHT;6;30:27.6
RIGHT;6;30:27.7
RIGHT;6;30:27.7
RIGHT;6;30:27.7
DOWN;6;30:27.8
DOWN;6;30:27.9
DOWN;6;30:27.9
DOWN;6;30:27.9
DOWN;6;30:27.9
DOWN;6;30:28.0
DOWN;6;30:28.0
DOWN;6;30:28.0
DOWN;6;30:28.0
DOWN;6;30:28.0
DOWN;6;30:28.1
DOWN;6;30:28.1
DOWN;6;30:28.1
RIGHT;6;30:28.1
RIGHT;6;30:28.2
RIGHT;6;30:28.2
RIGHT;6;30:28.2
RIGHT;6;30:28.2
RIGHT;6;30:28.3
RIGHT;6;30:28.3
RIGHT;6;30:28.3
RIGHT;6;30:28.3
RIGHT;6;30:28.3
DOWN;6;30:28.6
DOWN;6;30:28.6
DOWN;6;30:28.7
DOWN;6;30:28.7
DOWN;6;30:28.7
DOWN;6;30:28.7
DOWN;6;30:28.7
DOWN;6;30:28.7
DOWN;6;30:28.8
DOWN;6;30:28.8
DOWN;6;30:28.8
DOWN;6;30:28.8
DOWN;6;30:28.8
DOWN;6;30:28.8
DOWN;6;30:28.9
DOWN;6;30:28.9
DOWN;6;30:28.9
DOWN;6;30:28.9
DOWN;6;30:28.9
DOWN;6;30:28.9
DOWN;6;30:29.0
UP;6;30:29.1
UP;6;30:29.1
UP;6;30:29.1
UP;6;30:29.2
UP;6;30:29.2
UP;6;30:29.2
UP;6;30:29.2
UP;6;30:29.2
UP;6;30:29.2
UP;6;30:29.3
UP;6;30:29.3
UP;6;30:29.3
UP;6;30:29.3
UP;6;30:29.3
UP;6;30:29.3
UP;6;30:29.4
UP;6;30:29.4
UP;6;30:29.4
UP;6;30:29.4
UP;6;30:29.4
UP;6;30:29.4
UP;6;30:29.5
UP;6;30:29.5
UP;6;30:29.5
UP;6;30:29.5
UP;6;30:29.5
UP;6;30:29.5
UP;6;30:29.6
UP;6;30:29.6
UP;6;30:29.6
UP;6;30:29.6
UP;6;30:29.6
UP;6;30:29.6
UP;6;30:29.7
UP;6;30:29.7
UP;6;30:29.7
UP;6;30:29.7
UP;6;30:29.7
UP;6;30:29.7
UP;6;30:29.8
UP;6;30:29.8
UP;6;30:29.8
UP;6;30:29.8
UP;6;30:29.8
UP;6;30:29.8
UP;6;30:29.9
UP;6;30:29.9
UP;6;30:29.9
UP;6;30:29.9
UP;6;30:29.9
UP;6;30:30.0
UP;6;30:30.0
UP;6;30:30.0
UP;6;30:30.0
UP;6;30:30.0
UP;6;30:30.1
UP;6;30:30.1
UP;6;30:30.1
UP;6;30:30.1
UP;6;30:30.1
UP;6;30:30.2
UP;6;30:30.2
UP;6;30:30.2
UP;6;30:30.2
UP;6;30:30.3
RIGHT;6;30:30.3
RIGHT;6;30:30.3
RIGHT;6;30:30.3
RIGHT;6;30:30.4
RIGHT;6;30:30.4
RIGHT;6;30:30.4
RIGHT;6;30:30.4
RIGHT;6;30:30.5
RIGHT;6;30:30.5
RIGHT;6;30:30.5
LEFT;1;30:30.5
LEFT;1;30:30.5
LEFT;1;30:30.5
LEFT;1;30:30.6
LEFT;1;30:30.6
LEFT;1;30:30.6
LEFT;1;30:30.6
LEFT;1;30:30.6
LEFT;1;30:30.7
LEFT;1;30:30.7
LEFT;1;30:31.0
LEFT;1;30:31.0
LEFT;1;30:31.0
LEFT;1;30:31.1
LEFT;1;30:31.1
LEFT;1;30:31.1
LEFT;1;30:31.1
LEFT;1;30:31.1
LEFT;1;30:31.2
LEFT;1;30:31.2
LEFT;1;30:31.2
LEFT;1;30:31.2
LEFT;1;30:31.3
LEFT;1;30:31.3
LEFT;1;30:31.3
LEFT;1;30:31.3
LEFT;1;30:31.3
LEFT;1;30:31.4
LEFT;1;30:31.4
LEFT;1;30:31.4
LEFT;1;30:31.4
LEFT;1;30:31.4
LEFT;1;30:31.5
LEFT;1;30:31.5
LEFT;1;30:32.5
RIGHT;1;30:32.5
RIGHT;6;30:32.5
RIGHT;6;30:32.5
RIGHT;6;30:32.6
RIGHT;6;30:32.6
RIGHT;6;30:32.6
RIGHT;6;30:32.6
RIGHT;6;30:32.6
RIGHT;6;30:32.6
RIGHT;6;30:32.7
RIGHT;6;30:32.7
RIGHT;6;30:32.7
RIGHT;6;30:32.7
RIGHT;6;30:32.7
RIGHT;6;30:32.7
RIGHT;6;30:32.8
RIGHT;6;30:32.8
RIGHT;6;30:32.8
RIGHT;6;30:32.8
RIGHT;6;30:32.8
RIGHT;6;30:32.9
RIGHT;6;30:32.9
LEFT;6;30:33.1
LEFT;6;30:33.1
LEFT;6;30:33.2
LEFT;6;30:33.2
LEFT;6;30:33.2
LEFT;6;30:33.2
LEFT;6;30:33.2
LEFT;6;30:33.2
LEFT;6;30:33.3
LEFT;6;30:33.3
LEFT;6;30:33.3
LEFT;6;30:33.3
LEFT;6;30:33.3
LEFT;6;30:33.3
LEFT;6;30:33.4
LEFT;6;30:33.4
LEFT;6;30:33.4
LEFT;6;30:33.4
LEFT;6;30:33.4
LEFT;6;30:33.4
LEFT;6;30:33.5
LEFT;6;30:33.5
LEFT;6;30:33.5
LEFT;6;30:33.5
LEFT;6;30:33.5
LEFT;6;30:33.5
LEFT;6;30:33.6
LEFT;6;30:33.6
LEFT;6;30:33.6
LEFT;6;30:33.6
LEFT;6;30:33.6
LEFT;6;30:33.6
LEFT;6;30:33.7
LEFT;6;30:33.7
LEFT;6;30:33.7
LEFT;6;30:33.7
LEFT;6;30:33.7
LEFT;6;30:33.7
LEFT;6;30:33.8
LEFT;6;30:33.8
LEFT;6;30:33.8
LEFT;6;30:33.8
LEFT;6;30:33.8
LEFT;6;30:33.8
LEFT;6;30:33.9
LEFT;6;30:33.9
LEFT;6;30:33.9
LEFT;6;30:33.9
LEFT;6;30:33.9
LEFT;6;30:34.0
LEFT;6;30:34.0
LEFT;6;30:34.0
LEFT;6;30:34.0
LEFT;6;30:34.0
LEFT;6;30:34.0
LEFT;6;30:34.1
LEFT;6;30:34.1
LEFT;6;30:34.1
LEFT;6;30:34.1
LEFT;6;30:34.1
LEFT;6;30:34.1
LEFT;6;30:34.2
LEFT;6;30:34.2
LEFT;6;30:34.2
LEFT;6;30:34.2
LEFT;6;30:34.2
LEFT;6;30:34.2
LEFT;6;30:34.3
LEFT;6;30:34.3
LEFT;6;30:34.3
LEFT;6;30:34.3
LEFT;6;30:34.3
LEFT;6;30:34.3
LEFT;6;30:34.4
LEFT;6;30:34.4
LEFT;6;30:34.4
LEFT;6;30:34.4
LEFT;6;30:34.4
LEFT;6;30:34.4
LEFT;6;30:34.5
LEFT;6;30:34.5
LEFT;6;30:34.5
LEFT;6;30:34.5
LEFT;6;30:34.5
LEFT;6;30:34.5
LEFT;6;30:34.6
LEFT;6;30:34.6
LEFT;6;30:34.6
LEFT;6;30:34.6
LEFT;6;30:34.6
LEFT;6;30:34.6
LEFT;6;30:34.7
LEFT;6;30:34.7
LEFT;6;30:34.7
LEFT;6;30:34.7
LEFT;6;30:34.7
LEFT;6;30:34.7
LEFT;6;30:34.8
LEFT;6;30:34.8
LEFT;6;30:34.8
LEFT;6;30:34.8
LEFT;6;30:34.8
LEFT;6;30:34.8
LEFT;6;30:34.9
LEFT;6;30:34.9
LEFT;6;30:34.9
LEFT;6;30:34.9
LEFT;6;30:34.9
LEFT;6;30:34.9
LEFT;6;30:35.0
LEFT;6;30:35.0
LEFT;6;30:35.0
LEFT;6;30:35.0
LEFT;6;30:35.0
LEFT;6;30:35.0
LEFT;6;30:35.1
LEFT;6;30:35.1
LEFT;6;30:35.1
LEFT;6;30:35.1
LEFT;6;30:35.1
LEFT;6;30:35.2
LEFT;6;30:35.2
LEFT;6;30:35.2
LEFT;6;30:35.2
LEFT;6;30:35.2
LEFT;6;30:35.2
LEFT;6;30:35.3
LEFT;6;30:35.3
LEFT;6;30:35.3
LEFT;6;30:35.3
LEFT;6;30:35.3
LEFT;6;30:35.3
LEFT;6;30:35.4
LEFT;6;30:35.4
LEFT;6;30:35.4
LEFT;6;30:35.4
UP;6;30:35.6
UP;6;30:35.6
UP;6;30:35.6
UP;6;30:35.6
UP;6;30:35.7
UP;6;30:35.7
UP;6;30:35.7
UP;6;30:35.7
UP;6;30:35.7
UP;6;30:35.8
UP;6;30:35.8
LEFT;6;30:35.9
LEFT;6;30:35.9
LEFT;6;30:35.9
LEFT;6;30:36.0
LEFT;6;30:36.0
LEFT;6;30:36.0
LEFT;6;30:36.0
LEFT;6;30:36.0
LEFT;6;30:36.0
LEFT;6;30:36.1
LEFT;6;30:36.1
RIGHT;6;30:36.4
RIGHT;6;30:36.4
RIGHT;6;30:36.4
RIGHT;6;30:36.4
RIGHT;6;30:36.4
RIGHT;6;30:36.4
RIGHT;6;30:36.5
RIGHT;6;30:36.5
RIGHT;6;30:36.5
RIGHT;6;30:37.5
RIGHT;6;30:37.5
RIGHT;6;30:37.5
RIGHT;6;30:37.6
RIGHT;6;30:37.6
RIGHT;6;30:37.6
RIGHT;6;30:37.6
RIGHT;6;30:37.6
RIGHT;6;30:37.6
RIGHT;6;30:37.7
RIGHT;6;30:37.7
RIGHT;6;30:37.7
RIGHT;6;30:37.7
RIGHT;6;30:37.7
RIGHT;6;30:37.7
RIGHT;6;30:37.8
RIGHT;6;30:37.8
RIGHT;6;30:37.8
RIGHT;6;30:37.8
RIGHT;6;30:37.8
RIGHT;6;30:37.9
RIGHT;6;30:37.9
RIGHT;6;30:37.9
DOWN;6;30:37.9
DOWN;6;30:37.9
DOWN;6;30:37.9
DOWN;6;30:38.0
DOWN;6;30:38.0
DOWN;6;30:38.0
DOWN;6;30:38.0
DOWN;6;30:38.0
DOWN;6;30:38.0
DOWN;6;30:38.1
DOWN;6;30:38.1
DOWN;6;30:38.1
DOWN;6;30:38.1
DOWN;6;30:38.1
DOWN;6;30:38.1
DOWN;6;30:38.2
DOWN;6;30:38.2
DOWN;6;30:38.2
DOWN;6;30:38.2
DOWN;6;30:38.2
DOWN;6;30:38.2
DOWN;6;30:38.3
DOWN;6;30:38.3
DOWN;6;30:38.3
DOWN;6;30:38.3
DOWN;6;30:38.3
DOWN;6;30:38.3
DOWN;6;30:38.4
DOWN;6;30:38.4
DOWN;6;30:38.4
DOWN;6;30:38.4
DOWN;6;30:38.4
DOWN;6;30:38.4
DOWN;6;30:38.5
DOWN;6;30:38.5
DOWN;6;30:38.5
RIGHT;6;30:38.5
RIGHT;6;30:38.5
RIGHT;6;30:38.5
RIGHT;6;30:38.6
RIGHT;6;30:38.6
RIGHT;6;30:38.6
RIGHT;6;30:38.6
RIGHT;6;30:38.6
RIGHT;6;30:38.6
RIGHT;6;30:38.7
RIGHT;6;30:38.7
UP;6;30:39.2
UP;6;30:39.2
UP;6;30:39.2
UP;6;30:39.2
UP;6;30:39.2
UP;6;30:39.2
UP;6;30:39.3
UP;6;30:39.3
UP;6;30:39.3
UP;6;30:39.3
UP;6;30:39.3
UP;6;30:39.3
UP;6;30:39.4
UP;6;30:39.4
UP;6;30:39.4
DOWN;6;30:40.9
DOWN;6;30:40.9
DOWN;6;30:40.9
DOWN;6;30:40.9
DOWN;6;30:40.9
DOWN;6;30:41.0
DOWN;6;30:41.0
DOWN;6;30:41.0
DOWN;6;30:41.0
DOWN;6;30:41.0
DOWN;6;30:41.0
DOWN;6;30:41.1
DOWN;6;30:41.1
DOWN;6;30:41.1
DOWN;6;30:41.1
DOWN;6;30:41.1
DOWN;6;30:41.1
DOWN;6;30:41.2
DOWN;6;30:41.2
DOWN;6;30:41.2
DOWN;6;30:41.2
DOWN;6;30:41.2
DOWN;6;30:41.2
DOWN;6;30:41.3
DOWN;6;30:41.3
UP;6;30:41.3
UP;6;30:41.4
UP;6;30:41.4
UP;6;30:41.4
UP;6;30:41.4
UP;6;30:41.4
UP;6;30:41.5
UP;6;30:41.5
UP;6;30:41.5
UP;6;30:41.5
LEFT;6;30:41.5
LEFT;6;30:41.5
LEFT;6;30:41.6
LEFT;6;30:41.6
LEFT;6;30:41.6
LEFT;6;30:41.6
LEFT;6;30:41.6
LEFT;6;30:41.6
LEFT;6;30:42.1
LEFT;6;30:42.2
LEFT;6;30:42.2
LEFT;6;30:42.2
LEFT;6;30:42.2
LEFT;6;30:42.2
DOWN;6;30:42.2
DOWN;6;30:42.3
DOWN;6;30:42.3
DOWN;6;30:42.3
DOWN;6;30:42.3
DOWN;6;30:42.3
DOWN;6;30:42.3
DOWN;6;30:42.4
DOWN;6;30:42.4
DOWN;6;30:42.4
UP;6;30:43.0
UP;6;30:43.0
UP;6;30:43.0
UP;6;30:43.0
UP;6;30:43.1
UP;6;30:43.1
UP;6;30:43.1
UP;6;30:43.1
UP;6;30:43.1
UP;6;30:43.1
UP;6;30:43.2
UP;6;30:43.2
UP;6;30:43.2
UP;6;30:43.2
UP;6;30:43.2
UP;6;30:43.2
UP;6;30:43.3
UP;6;30:43.3
UP;6;30:43.3
UP;6;30:43.3
UP;6;30:43.3
UP;1;30:43.6
UP;1;30:43.6
UP;1;30:43.6
UP;1;30:43.7
UP;1;30:43.7
UP;1;30:43.7
UP;1;30:43.7
UP;1;30:43.7
LEFT;1;30:43.8
LEFT;1;30:43.8
LEFT;1;30:43.8
LEFT;1;30:43.8
LEFT;1;30:43.8
LEFT;1;30:43.8
LEFT;1;30:43.9
LEFT;1;30:43.9
LEFT;1;30:43.9
RIGHT;1;30:44.1
RIGHT;1;30:44.1
RIGHT;1;30:44.1
RIGHT;1;30:44.1
RIGHT;1;30:44.1
RIGHT;1;30:44.2
RIGHT;1;30:44.2
RIGHT;1;30:44.2
RIGHT;1;30:44.2
RIGHT;1;30:44.2
RIGHT;1;30:44.2
RIGHT;1;30:44.3
RIGHT;1;30:44.3
RIGHT;1;30:44.3
RIGHT;1;30:44.3
RIGHT;1;30:44.3
RIGHT;1;30:44.3
RIGHT;1;30:44.4
RIGHT;1;30:44.4
RIGHT;1;30:44.4
RIGHT;1;30:44.4
RIGHT;1;30:44.4
RIGHT;1;30:44.5
RIGHT;1;30:44.5
RIGHT;1;30:44.5
RIGHT;1;30:45.0
RIGHT;1;30:45.0
RIGHT;1;30:45.0
RIGHT;1;30:45.1
RIGHT;1;30:45.1
RIGHT;1;30:45.1
RIGHT;1;30:45.1
RIGHT;1;30:45.1
RIGHT;1;30:45.1
RIGHT;1;30:45.2
RIGHT;1;30:45.2
RIGHT;1;30:45.2
RIGHT;1;30:45.2
RIGHT;1;30:45.2
RIGHT;1;30:45.2
RIGHT;1;30:45.3
RIGHT;1;30:45.3
RIGHT;1;30:45.3
RIGHT;1;30:45.3
RIGHT;1;30:45.3
RIGHT;1;30:45.3
RIGHT;1;30:45.4
RIGHT;1;30:45.4
RIGHT;1;30:45.4
RIGHT;1;30:45.4
RIGHT;1;30:45.4
RIGHT;1;30:45.4
RIGHT;1;30:45.5
RIGHT;1;30:45.5
